"Paramater","Value"
"z0",0.7801350153177973
"sigma",0.022450354248952645
"rho",0.9384060348947902
"lambda0",0.99
"eta",1.9311530570495388
"mu",5.993361960977984
