"Paramater","Value","Minf"
"z0",0.7883898085564935,0.023268721201295438
"sigma",0.02631397024238961,0.023268721201295438
"rho",0.8152182318734871,0.023268721201295438
"lambda0",0.9478105896894067,0.023268721201295438
"eta",2.86952107694101,0.023268721201295438
"mu",5.903464726908193,0.023268721201295438
