"Parameters","Mean","Std","Skewness","Kurtosis"
"y",0.9999831866665522,0.007503531010868944,0.0021111992933529945,-1.0043939898703262
"u",0.05740703476192391,0.19036107585117804,0.39965678746270983,0.06920407058516176
"ft",0.7754170967025374,0.1687151168700792,-0.42012301849688743,-0.3769554147067744
"st",0.046152494109550225,0.12820324131130406,1.8979197901518052,4.372999079009541
"w",0.9708260680574021,0.005210146440111462,0.3827552161609645,-0.7845552843665322
