"Parameters","Std_Wage_Decile"
"10th",0.00732
"20th",0.00529
"30th",0.00498
"40th",0.00493
"50th",0.00482
"60th",0.00476
"70th",0.00474
"80th",0.0048
"90th",0.00486
