"Parameters","Stdev_Wage_Decile"
"10th",0.01233
"20th",0.01358
"30th",0.01445
"40th",0.01534
"50th",0.01598
"60th",0.01664
"70th",0.01736
"80th",0.01848
"90th",0.0196
